{"cameraMode":{"drawMode":0,"name":"Shaded","section":"Shading Mode"},"sceneLighting":false,"audioPlay":false,"sceneViewState":{"m_AlwaysRefresh":false,"showFog":true,"showSkybox":false,"showFlares":true,"showImageEffects":true,"showParticleSystems":true,"showVisualEffectGraphs":true,"m_FxEnabled":true},"in2DMode":false,"pivot":{"x":3.9100003242492677,"y":0.26842451095581057,"z":7.478138446807861},"rotation":{"x":-0.27762487530708315,"y":-0.30521461367607119,"z":0.09351599961519242,"w":-0.9061119556427002},"size":0.46328726410865786,"orthographic":false}